<application>
  <component name="FileTypeManager" version="19">
    <ignoreFiles list="*$py.class;*.pyc;*.pyo;*.rbc;*~;.DS_Store;.git;.hg;.mypy_cache;.pytest_cache;.ruff_cache;.svn;CVS;RCS;SCCS;__pycache__;_svn;rcs" />
    <extensionMap>
      <mapping pattern="detail" type="HTML" />
      <mapping pattern="hr_attendance_inherit.xml" type="PLAIN_TEXT" />
      <mapping pattern="__openerp__" type="PLAIN_TEXT" />
      <mapping pattern="app_template.xml" type="PLAIN_TEXT" />
      <mapping pattern="login_layout.xml" type="PLAIN_TEXT" />
      <mapping pattern="student_project_sequence.xml" type="PLAIN_TEXT" />
      <mapping pattern="medical_ntd_de.xml" type="PLAIN_TEXT" />
      <mapping pattern="test.xml" type="PLAIN_TEXT" />
      <mapping pattern="feedback" type="PLAIN_TEXT" />
      <mapping pattern="product_expdate_view.xml" type="PLAIN_TEXT" />
      <mapping pattern="hr_appl.xml" type="PLAIN_TEXT" />
      <mapping pattern="errors" type="PLAIN_TEXT" />
      <mapping ext="csv" type="PLAIN_TEXT" />
      <mapping ext="conf" type="PLAIN_TEXT" />
      <mapping pattern="login_layout" type="XHTML" />
      <mapping pattern="kmcc_payment_inherit" type="XML" />
      <removed_mapping ext="csv" approved="true" type="CSV file" />
      <removed_mapping pattern=".py" approved="true" type="Python" />
    </extensionMap>
  </component>
</application>