<application>
  <component name="ProjectManager">
    <defaultProject version="4">
      <component name="DaemonCodeAnalyzer">
        <disable_hints />
      </component>
      <component name="DependencyValidationManager">
        <option name="SKIP_IMPORT_STATEMENTS" value="false" />
      </component>
      <component name="Encoding" useUTFGuessing="true" native2AsciiForPropertiesFiles="false" />
      <component name="ProjectLevelVcsManager" settingsEditedManually="false">
        <OptionsSetting value="true" id="Add" />
        <OptionsSetting value="true" id="Remove" />
        <OptionsSetting value="true" id="Checkout" />
        <OptionsSetting value="true" id="Update" />
        <OptionsSetting value="true" id="Status" />
        <OptionsSetting value="true" id="Edit" />
        <ConfirmationsSetting value="0" id="Add" />
        <ConfirmationsSetting value="0" id="Remove" />
      </component>
      <component name="ProjectModuleManager">
        <modules />
      </component>
      <component name="ProjectRootManager" version="2" />
      <component name="RunManager">
        <list size="0" />
      </component>
    </defaultProject>
  </component>
</application>