<application>
  <component name="Trusted.Paths">
    <option name="TRUSTED_PROJECT_PATHS">
      <map>
        <entry key="$USER_HOME$/Downloads/bootstrap-5-order-tracking-vertical" value="true" />
        <entry key="$USER_HOME$/PycharmProjects/pythonProject" value="true" />
        <entry key="$USER_HOME$/PycharmProjects/timeline" value="true" />
        <entry key="/opt" value="true" />
        <entry key="/opt/odoo/cgt" value="true" />
        <entry key="/opt/odoo/chemical" value="true" />
        <entry key="/opt/odoo/chemical/chemical_8064" value="true" />
        <entry key="/opt/odoo/layan" value="true" />
        <entry key="/opt/odoo/logistics" value="true" />
        <entry key="/opt/odoo/minar_energy" value="true" />
        <entry key="/opt/odoo/ncmt" value="true" />
        <entry key="/opt/odoo/odoo15" value="true" />
        <entry key="/opt/odoo/odoo15test" value="true" />
        <entry key="/opt/odoo/realestate" value="true" />
      </map>
    </option>
  </component>
</application>