<application>
  <component name="DimensionService">
    <location key="find.popup.0.0.1920.1080@120dpi" x="300" y="58" />
    <location key="find.popup.0.0.1920.1080" x="303" y="58" />
    <location key="find.popup.0.0.1920.1080@144dpi" x="321" y="173" />
    <size key="GridCell.Tab.0.left.0.0.1920.1080@120dpi" width="1864" height="284" />
    <size key="GridCell.Tab.0.center.0.0.1920.1080@120dpi" width="1864" height="284" />
    <size key="GridCell.Tab.0.right.0.0.1920.1080@120dpi" width="1864" height="284" />
    <size key="GridCell.Tab.0.bottom.0.0.1920.1080@120dpi" width="1864" height="284" />
    <size key="find.popup.0.0.1920.1080@120dpi" width="1427" height="848" />
    <size key="GridCell.Tab.1.left.0.0.1920.1080@120dpi" width="1864" height="352" />
    <size key="GridCell.Tab.1.center.0.0.1920.1080@120dpi" width="1864" height="352" />
    <size key="GridCell.Tab.1.right.0.0.1920.1080@120dpi" width="1864" height="352" />
    <size key="GridCell.Tab.1.bottom.0.0.1920.1080@120dpi" width="1864" height="352" />
    <size key="GridCell.Tab.0.left.0.0.1920.1080" width="1866" height="547" />
    <size key="GridCell.Tab.0.center.0.0.1920.1080" width="1866" height="547" />
    <size key="GridCell.Tab.0.right.0.0.1920.1080" width="1866" height="547" />
    <size key="GridCell.Tab.0.bottom.0.0.1920.1080" width="1866" height="547" />
    <size key="find.popup.0.0.1920.1080" width="1372" height="808" />
    <size key="GridCell.Tab.0.left.0.0.1920.1080@144dpi" width="1858" height="484" />
    <size key="GridCell.Tab.0.center.0.0.1920.1080@144dpi" width="1858" height="484" />
    <size key="GridCell.Tab.0.right.0.0.1920.1080@144dpi" width="1858" height="484" />
    <size key="GridCell.Tab.0.bottom.0.0.1920.1080@144dpi" width="1858" height="484" />
    <size key="find.popup.0.0.1920.1080@144dpi" width="1297" height="867" />
    <size key="GridCell.Tab.1.left.0.0.1920.1080@144dpi" width="1858" height="344" />
    <size key="GridCell.Tab.1.center.0.0.1920.1080@144dpi" width="1858" height="344" />
    <size key="GridCell.Tab.1.right.0.0.1920.1080@144dpi" width="1858" height="344" />
    <size key="GridCell.Tab.1.bottom.0.0.1920.1080@144dpi" width="1858" height="344" />
  </component>
  <component name="WindowManager">
    <frame x="0" y="34" width="1920" height="1006" extendedState="6" />
  </component>
  <component name="WindowStateApplicationService">
    <state width="910" height="213" key="ShowUsagesActions.dimensionServiceKey.ideScale=110" timestamp="1723535385244">
      <screen x="0" y="34" width="1920" height="1006" />
    </state>
    <state width="910" height="213" key="ShowUsagesActions.dimensionServiceKey.ideScale=110/0.34.1920.1006" timestamp="1723535385244" />
    <state x="960" y="531" width="1200" height="975" key="WELCOME_SCREEN.ideScale=110" timestamp="1724054319459">
      <screen x="0" y="34" width="1920" height="1006" />
    </state>
    <state x="960" y="531" width="1200" height="975" key="WELCOME_SCREEN.ideScale=110/0.34.1920.1006" timestamp="1724054319459" />
  </component>
</application>